partId,colorId,productionFrom,productionTo,setParts,sets
11212,0,2016,2021,226,67
11212,1,2021,2021,1,1
11212,15,2015,2021,187,62
11212,19,2020,2021,66,6
11212,191,2020,2021,9,5
11212,2,2019,2021,14,8
11212,27,2019,2021,9,4
11212,272,2015,2021,31,14
11212,29,2013,2016,3,2
11212,4,2018,2021,55,15
11212,71,2012,2021,347,104
11212,72,2013,2021,386,116
14716,0,2014,2021,89,33
14716,15,2014,2021,205,81
14716,19,2016,2021,242,34
14716,191,2020,2021,9,2
14716,226,2014,2020,13,5
14716,29,2020,2020,4,1
14716,308,2014,2016,14,5
14716,322,2016,2021,36,10
14716,4,2014,2021,63,19
14716,70,2017,2021,73,24
14716,71,2014,2021,239,68
14716,73,2017,2017,2,1
14716,85,2017,2017,8,1
15397,0,2015,2021,54,35
15397,15,2014,2021,29,23
15397,19,2016,2020,45,12
15397,30,2015,2015,3,2
15397,484,2014,2015,5,5
15397,70,2015,2020,37,29
15397,71,2018,2019,5,3
22886,14,2017,2017,5,3
22886,15,2016,2021,65,31
22886,28,2018,2019,14,2
22886,323,2021,2021,9,1
22886,484,2020,2021,14,3
22886,71,2017,2021,75,30
22886,73,2016,2017,5,2
2356,0,1998,2010,18,9
2356,1,1998,2002,11,5
2356,110,1999,1999,1,1
2356,14,1988,1999,6,6
2356,15,1996,2002,5,4
2356,2,2000,2006,11,5
2356,4,1986,2001,10,6
2356,7,1998,2003,20,6
2356,71,2004,2010,16,7
2356,8,1998,2003,3,3
2357,0,1987,2021,1128,279
2357,1,1987,2021,271,74
2357,1051,2005,2011,63,4
2357,14,1988,2021,446,106
2357,15,1987,2021,1491,323
2357,19,1999,2021,1103,143
2357,191,2014,2021,51,13
2357,2,1999,2020,205,28
2357,25,2018,2021,28,11
2357,26,2016,2020,8,3
2357,272,2005,2021,140,20
2357,28,2020,2021,26,5
2357,30,2015,2015,1,1
2357,31,2016,2020,37,7
2357,313,2004,2004,20,1
2357,320,2004,2021,268,47
2357,322,2014,2014,3,1
2357,335,2004,2004,4,2
2357,378,2000,2005,531,7
2357,379,2004,2004,6,1
2357,4,1987,2021,597,161
2357,484,2002,2020,61,12
2357,5,2016,2019,3,2
2357,6,1999,2004,27,9
2357,7,1987,2005,297,86
2357,70,2004,2021,604,130
2357,71,2004,2021,1237,216
2357,72,2004,2021,1478,208
2357,73,2003,2017,33,8
2357,74,2000,2000,1,1
2357,8,1998,2005,76,28
2357,85,2004,2021,14,6
2420,0,1987,2021,2733,627
2420,1,1987,2021,573,166
2420,14,1987,2021,796,196
2420,15,1987,2021,1779,429
2420,19,1998,2021,858,184
2420,191,2016,2021,46,20
2420,2,2000,2021,681,112
2420,25,1999,2021,107,27
2420,26,2015,2020,28,12
2420,27,2005,2021,143,48
2420,272,2008,2021,302,52
2420,28,2009,2021,674,94
2420,3,1998,1998,8,2
2420,30,2013,2020,43,18
2420,320,2005,2021,284,54
2420,322,2020,2021,9,4
2420,378,2000,2021,212,12
2420,379,2004,2004,4,1
2420,4,1987,2021,1255,314
2420,462,2003,2003,2,1
2420,484,2002,2017,15,5
2420,6,2002,2002,3,2
2420,7,1987,2003,390,97
2420,70,2004,2021,749,207
2420,71,2004,2021,1589,356
2420,72,2003,2021,1860,363
2420,73,2002,2012,40,10
2420,8,1999,2005,92,17
2420,80,2008,2008,8,1
2420,84,2017,2021,91,26
2420,85,2004,2020,25,8
2445,0,1988,2021,715,325
2445,1,1989,2021,118,67
2445,118,2005,2005,1,1
2445,14,1989,2010,13,9
2445,15,1990,2021,346,167
2445,19,1998,2021,43,24
2445,2,2001,2021,22,9
2445,226,2020,2020,2,2
2445,25,1998,2020,31,11
2445,26,2018,2020,10,4
2445,272,2018,2020,9,4
2445,28,2005,2021,5,4
2445,29,2012,2012,3,2
2445,31,2019,2020,9,2
2445,320,2005,2017,26,13
2445,322,2021,2021,6,1
2445,4,1988,2021,168,78
2445,6,2001,2003,4,3
2445,7,1990,2004,145,50
2445,70,2004,2021,199,68
2445,71,2004,2021,607,193
2445,72,2004,2021,477,196
2445,74,1997,1997,1,1
2445,8,1998,2004,60,17
2445,85,2021,2021,2,1
2453a,0,1988,2013,111,39
2453a,1,1988,1989,8,2
2453a,14,1989,2012,55,13
2453a,15,1988,2014,348,92
2453a,18,2002,2003,4,2
2453a,19,1999,2012,76,25
2453a,25,2006,2009,6,3
2453a,288,2005,2008,6,2
2453a,320,2003,2008,41,5
2453a,4,1988,2012,71,22
2453a,484,2002,2004,5,3
2453a,5,2008,2008,2,1
2453a,6,1996,2004,15,5
2453a,7,1988,2003,60,26
2453a,70,2004,2014,56,21
2453a,71,2004,2014,99,27
2453a,72,2004,2014,76,23
2453a,8,2002,2003,12,5
2453a,84,2021,2021,2,1
2453b,0,2011,2021,45,21
2453b,1,2011,2011,2,1
2453b,14,2012,2018,15,5
2453b,15,2011,2021,292,94
2453b,158,2019,2019,2,1
2453b,19,2012,2021,161,45
2453b,191,2018,2020,4,2
2453b,226,2013,2015,10,3
2453b,29,2014,2017,6,3
2453b,3,2019,2019,6,2
2453b,320,2016,2021,14,5
2453b,322,2012,2012,4,1
2453b,323,2017,2021,21,4
2453b,378,2012,2012,15,1
2453b,4,2012,2021,43,14
2453b,70,2012,2021,133,41
2453b,71,2011,2020,172,52
2453b,72,2012,2021,96,35
2453b,84,2014,2016,25,5
2453b,85,2017,2017,6,1
2454a,0,1988,2014,218,58
2454a,1,1989,2014,27,9
2454a,112,2004,2004,4,1
2454a,14,1991,2013,46,17
2454a,15,1988,2014,594,107
2454a,18,2002,2003,10,4
2454a,19,1998,2016,252,57
2454a,2,1995,2005,13,4
2454a,25,2008,2010,12,2
2454a,272,2005,2006,14,2
2454a,288,2006,2006,2,1
2454a,320,2004,2006,20,4
2454a,4,1988,2014,218,36
2454a,484,2002,2004,15,4
2454a,6,2003,2004,5,2
2454a,7,1988,2003,106,30
2454a,70,2010,2014,28,11
2454a,71,2004,2014,176,48
2454a,72,2004,2014,233,48
2454a,8,1999,2003,65,11
2454b,0,2015,2021,94,28
2454b,1,2014,2021,51,17
2454b,14,2010,2016,14,4
2454b,15,2007,2021,394,99
2454b,19,2014,2021,241,54
2454b,2,2014,2014,2,1
2454b,226,2013,2020,35,10
2454b,25,2021,2021,1,1
2454b,26,2014,2018,15,5
2454b,272,2017,2017,10,1
2454b,30,2015,2021,11,4
2454b,31,2015,2020,29,6
2454b,320,2018,2020,48,3
2454b,323,2013,2019,45,7
2454b,326,2016,2016,4,2
2454b,378,2015,2019,30,7
2454b,4,2012,2021,105,20
2454b,70,2012,2020,81,26
2454b,71,2014,2021,170,40
2454b,72,2013,2021,151,43
2454b,84,2018,2021,21,7
2454b,85,2017,2017,3,1
2456,0,1990,2021,523,239
2456,1,1981,2021,607,215
2456,10,2015,2017,5,3
2456,14,1986,2021,606,256
2456,15,1986,2021,807,330
2456,18,2002,2003,5,3
2456,19,2001,2021,250,109
2456,2,2000,2021,148,53
2456,25,2002,2002,1,1
2456,272,2015,2021,31,12
2456,288,2018,2021,16,6
2456,29,2018,2021,8,5
2456,3,2019,2021,5,3
2456,30,2015,2016,3,2
2456,320,2015,2021,39,19
2456,322,2013,2020,18,11
2456,378,2000,2002,198,2
2456,4,1986,2021,658,274
2456,6,2000,2003,6,3
2456,7,1993,2004,79,43
2456,70,2004,2021,257,102
2456,71,2004,2021,705,198
2456,72,2004,2021,564,185
2456,73,2017,2017,13,1
2456,8,1998,2005,74,34
2456,85,2004,2020,7,5
2465,0,1988,2021,357,113
2465,1,1993,2003,24,9
2465,14,1991,2016,35,16
2465,15,1988,2021,336,122
2465,19,1999,2020,133,36
2465,2,1997,2003,4,3
2465,272,2019,2020,9,4
2465,3,2020,2020,2,2
2465,321,2018,2020,9,4
2465,322,2019,2019,2,1
2465,4,1988,2018,70,31
2465,5,1996,1998,5,2
2465,7,1990,2003,67,29
2465,70,2019,2020,28,3
2465,71,2004,2020,189,72
2465,72,2004,2020,184,63
2465,8,1998,2002,7,5
2639,0,1995,2004,11,5
2639,14,2009,2012,3,2
2639,15,2003,2021,67,27
2639,28,2016,2021,58,9
2639,4,2004,2008,6,2
2639,7,1991,2003,29,13
2639,72,2009,2021,241,86
29540,1,1998,2013,19,5
29540,14,1998,2013,28,4
29540,2,1998,2013,20,5
29540,4,1998,2013,26,5
29541,1,1998,2013,26,4
29541,14,1998,2013,30,4
29541,2,1998,2013,27,5
29541,4,1998,2013,33,4
3001,0,1979,2021,3565,842
3001,1,1979,2021,4207,592
3001,1001,2005,2005,1,1
3001,1051,2005,2011,17,4
3001,13,2004,2004,1,1
3001,14,1979,2021,4552,639
3001,15,1979,2021,4872,817
3001,18,2002,2003,7,2
3001,19,1998,2021,1020,224
3001,191,2015,2021,107,40
3001,2,1996,2021,1620,298
3001,212,2004,2005,3,2
3001,22,2002,2005,22,7
3001,226,2004,2018,2,2
3001,25,2000,2021,634,142
3001,27,2002,2021,865,140
3001,272,2008,2021,20,8
3001,28,2009,2021,292,54
3001,288,2004,2021,210,51
3001,29,2005,2021,746,59
3001,3,2001,2021,52,16
3001,30,2013,2021,65,29
3001,313,2004,2004,4,1
3001,320,2004,2021,121,34
3001,321,2013,2021,115,38
3001,322,2012,2021,119,43
3001,323,2016,2016,4,2
3001,326,2013,2013,10,3
3001,334,2008,2009,4,3
3001,335,2001,2001,50,1
3001,378,2000,2021,482,18
3001,379,2003,2014,53,7
3001,383,1998,1998,5,5
3001,4,1979,2021,5282,804
3001,462,2004,2004,2,1
3001,47,1982,1986,12,4
3001,484,2002,2018,30,4
3001,5,2004,2019,7,4
3001,6,1999,2005,130,25
3001,69,2005,2005,4,1
3001,7,1984,2004,453,132
3001,70,2004,2021,1007,248
3001,71,2003,2021,2186,394
3001,72,2004,2021,1557,343
3001,73,2004,2019,271,45
3001,8,1998,2004,181,44
3001,82,2005,2005,16,2
3001,84,2016,2021,117,33
3001,85,2004,2021,162,40
3001a,0,1958,1987,814,147
3001a,1,1955,1984,1033,158
3001a,14,1955,1984,988,144
3001a,15,1954,1984,2151,163
3001a,313,2006,2006,4,1
3001a,4,1954,1987,2385,206
3001a,47,1954,1987,324,100
3001a,7,1979,1979,2,2
3001b,4,1970,1970,1,1
3001mib,0,1971,1971,14,1
3001mib,1,1973,1973,2,1
3001mib,14,1973,1973,4,1
3001mib,15,1973,1973,14,1
3001mib,4,1973,1973,20,1
3002,0,1979,2021,1989,560
3002,1,1979,2021,2266,445
3002,14,1979,2021,2366,501
3002,15,1979,2021,2570,591
3002,19,1998,2021,484,121
3002,2,1996,2020,785,186
3002,25,2000,2021,311,95
3002,26,2005,2006,10,2
3002,27,2004,2021,173,67
3002,29,2008,2021,79,26
3002,320,2002,2005,30,8
3002,378,2000,2011,337,7
3002,379,2002,2005,13,6
3002,4,1979,2021,2463,535
3002,47,1987,1987,1,1
3002,484,2002,2005,8,5
3002,5,2004,2004,1,1
3002,6,2001,2005,18,7
3002,7,1985,2005,232,97
3002,70,2004,2021,355,125
3002,71,2003,2021,932,255
3002,72,2004,2021,717,210
3002,73,2004,2020,75,21
3002,8,1998,2004,62,25
3002,85,2004,2004,1,1
3002a,0,1958,1989,309,71
3002a,1,1955,1985,365,79
3002a,14,1955,1984,416,92
3002a,15,1954,1982,611,116
3002a,4,1954,1986,731,146
3002a,47,1958,1978,133,35
3002a,7,1974,1984,81,3
3003,0,1985,2021,4761,845
3003,1,1985,2021,5932,588
3003,1051,2005,2011,12,4
3003,118,1974,1974,1,1
3003,14,1985,2021,6342,682
3003,15,1985,2021,7153,892
3003,19,1998,2021,1255,273
3003,2,1994,2021,2868,361
3003,20,2001,2001,1,1
3003,22,2002,2005,54,8
3003,226,2018,2021,21,5
3003,25,2000,2021,1067,165
3003,26,2012,2015,5,2
3003,27,2004,2021,837,163
3003,272,2006,2021,277,82
3003,28,2008,2021,360,92
3003,288,2006,2020,81,20
3003,29,2009,2021,281,155
3003,297,2018,2019,5,2
3003,3,1999,2021,18,8
3003,30,2017,2017,2,2
3003,308,2016,2021,76,16
3003,31,2015,2020,91,19
3003,313,2004,2004,2,1
3003,320,2005,2021,395,62
3003,322,2012,2021,155,57
3003,335,2001,2001,100,1
3003,378,2000,2021,257,39
3003,379,2003,2004,7,3
3003,4,1985,2021,6706,726
3003,462,2003,2004,2,2
3003,484,2002,2020,70,16
3003,5,1994,2021,385,64
3003,6,2000,2011,276,22
3003,69,2005,2005,6,1
3003,7,1985,2005,664,144
3003,70,2004,2021,1560,264
3003,71,2003,2021,2320,458
3003,72,2004,2021,1429,321
3003,73,2004,2021,389,64
3003,8,1998,2005,247,61
3003,82,2008,2011,18,3
3003,84,2014,2021,305,48
3003,85,2004,2021,146,47
3003a,0,1958,1986,899,209
3003a,1,1955,1986,1121,179
3003a,14,1955,1986,1318,199
3003a,15,1954,1986,1524,186
3003a,33,1965,1965,1,1
3003a,4,1954,1986,1694,229
3003a,47,1957,1983,417,77
3003a,7,1983,1984,37,3
3003b,15,1955,1955,2,2
3003mib,1,1973,1973,13,2
3003mib,14,1973,1973,15,3
3003mib,4,1971,1973,11,3
3004,0,1963,2021,8935,1432
3004,1,1963,2021,7595,900
3004,10,2012,2021,176,27
3004,1050,2019,2021,80,17
3004,1051,2005,2011,16,4
3004,112,2004,2005,6,3
3004,13,1994,1994,6,2
3004,14,1959,2021,8793,980
3004,15,1964,2021,12928,1557
3004,158,2015,2020,102,25
3004,18,2002,2002,20,2
3004,19,1998,2021,3755,430
3004,191,2012,2021,302,73
3004,2,1996,2021,3010,366
3004,212,2015,2021,156,12
3004,22,2001,2004,33,7
3004,226,2013,2020,188,41
3004,25,1998,2021,1488,246
3004,26,2005,2021,362,67
3004,27,2002,2021,1225,205
3004,272,2005,2021,822,129
3004,28,2008,2021,891,116
3004,288,2004,2021,514,76
3004,29,2008,2021,313,68
3004,3,1999,2021,139,34
3004,30,2013,2021,216,56
3004,308,2011,2021,100,18
3004,31,2015,2021,116,20
3004,313,1980,2004,25,5
3004,320,2004,2021,817,120
3004,321,2012,2021,374,80
3004,322,2014,2021,294,75
3004,323,2014,2021,242,47
3004,326,2013,2021,362,17
3004,335,2001,2001,100,1
3004,378,2000,2021,592,46
3004,379,2002,2020,64,9
3004,4,1963,2021,10294,1243
3004,47,1965,2003,732,209
3004,484,2002,2020,354,35
3004,5,1994,2020,166,52
3004,6,1986,2005,435,70
3004,69,2005,2005,14,2
3004,7,1979,2005,2146,288
3004,70,2004,2021,1847,353
3004,71,2004,2021,4387,641
3004,72,2003,2021,3143,439
3004,73,2002,2020,1155,108
3004,74,2000,2004,13,4
3004,8,1998,2005,603,98
3004,84,2010,2021,729,91
3004,85,2004,2021,322,63
3004,92,2021,2021,17,1
3005,0,1958,2021,6323,888
3005,1,1955,2021,5346,539
3005,10,2021,2021,3,1
3005,1050,2019,2019,10,5
3005,1051,2005,2011,23,4
3005,114,2004,2020,119,15
3005,118,2002,2010,13,7
3005,129,2019,2021,30,4
3005,13,1994,2005,13,4
3005,14,1955,2021,5621,614
3005,143,2001,2001,2,1
3005,15,1954,2021,9728,1144
3005,151,2000,2000,1,1
3005,158,2017,2018,21,5
3005,182,2007,2021,277,67
3005,19,1998,2021,3341,281
3005,191,2013,2021,163,37
3005,2,1994,2021,1899,255
3005,212,2019,2019,4,1
3005,226,2018,2020,63,8
3005,25,2002,2021,919,148
3005,26,2014,2021,169,30
3005,27,2004,2021,656,110
3005,272,2005,2021,444,77
3005,28,2012,2021,570,63
3005,288,2008,2020,420,52
3005,29,2008,2021,250,39
3005,3,2018,2021,76,15
3005,30,2013,2021,147,30
3005,308,2018,2021,74,7
3005,31,2015,2021,146,18
3005,313,1980,2004,8,2
3005,320,2004,2021,642,87
3005,321,2018,2021,31,10
3005,322,2013,2021,234,58
3005,323,2011,2021,51,15
3005,326,2014,2021,249,12
3005,33,1985,2018,188,52
3005,34,1998,2004,19,10
3005,36,1998,2004,41,11
3005,378,2000,2021,575,53
3005,379,2004,2020,145,17
3005,4,1954,2021,7419,852
3005,40,2015,2018,407,6
3005,41,2000,2021,277,56
3005,45,2000,2021,130,41
3005,46,1985,2019,21,7
3005,462,2003,2005,21,6
3005,47,1958,2021,729,181
3005,484,2002,2021,226,30
3005,5,1994,2021,139,31
3005,52,2001,2019,61,24
3005,57,2005,2005,1,1
3005,6,1993,2005,141,27
3005,7,1979,2004,1302,159
3005,70,2004,2021,1627,280
3005,71,2004,2021,3163,464
3005,72,2004,2021,2248,329
3005,73,2002,2021,936,85
3005,74,2000,2000,2,1
3005,8,1998,2004,175,39
3005,84,2010,2021,845,96
3005,85,2004,2021,258,45
3005,92,2021,2021,15,1
3006,0,1958,2021,239,101
3006,1,1955,2019,177,74
3006,14,1955,2018,175,65
3006,15,1955,2021,272,103
3006,19,1998,2020,45,22
3006,2,1998,2003,7,5
3006,320,2018,2018,1,1
3006,4,1954,2020,439,172
3006,47,1969,1969,1,1
3006,484,2004,2004,1,1
3006,6,2004,2004,1,1
3006,7,1986,2004,80,29
3006,70,2004,2020,55,29
3006,71,2003,2021,142,57
3006,72,2005,2006,2,2
3006,8,1998,2004,4,3
3006b,1,1954,1954,1,1
3006b,14,1954,1954,1,1
3006b,15,1954,1954,1,1
3006b,2,1954,1954,1,1
3006b,4,1954,1954,1,1
3007,0,1961,2021,582,176
3007,1,1955,2021,513,220
3007,1051,2005,2010,3,3
3007,14,1955,2021,418,181
3007,15,1954,2021,602,248
3007,18,2003,2003,1,1
3007,19,2000,2021,138,53
3007,2,2000,2005,82,7
3007,25,2000,2005,24,5
3007,272,2005,2005,1,1
3007,29,2021,2021,15,2
3007,313,2004,2004,1,1
3007,320,2015,2015,7,1
3007,378,2000,2000,130,1
3007,4,1954,2021,622,267
3007,47,1969,1969,1,1
3007,5,2012,2012,2,1
3007,6,2004,2004,1,1
3007,7,1986,2005,85,31
3007,70,2019,2021,16,7
3007,71,2004,2021,447,108
3007,72,2018,2021,28,14
3007,8,1999,2004,16,9
30072,0,2002,2005,4,3
30072,2,1996,2008,20,15
30072,20,1997,1997,1,1
30072,8,1999,2003,2,2
3007a,1,1956,1958,12,2
3007a,14,1956,1958,12,2
3007a,15,1956,1958,12,2
3007a,4,1956,1958,12,2
3007mia,1,1973,1973,3,1
3007mia,15,1970,1973,21,7
3007mia,4,1970,1973,22,7
3007mib,1,1973,1973,5,3
3007mib,14,1973,1973,2,2
3007mib,4,1973,1973,5,3
3008,0,1966,2021,1051,342
3008,1,1966,2021,1036,307
3008,14,1964,2020,911,270
3008,15,1964,2021,1789,490
3008,19,1999,2021,530,94
3008,2,1998,2020,103,27
3008,27,2002,2003,3,3
3008,272,2004,2020,6,3
3008,28,2013,2018,125,11
3008,3,2020,2020,21,6
3008,30,2015,2017,11,5
3008,308,2008,2010,6,2
3008,31,2015,2015,10,2
3008,320,2004,2005,6,3
3008,323,2020,2020,1,1
3008,326,2014,2020,67,3
3008,378,2000,2010,84,5
3008,4,1963,2021,1334,380
3008,47,1966,1976,19,9
3008,484,2002,2020,72,12
3008,5,1996,2002,7,6
3008,6,2004,2004,2,1
3008,7,1980,2005,260,92
3008,70,2005,2021,276,72
3008,71,2004,2021,767,177
3008,72,2003,2021,553,155
3008,8,1998,2005,44,19
3008,80,2008,2008,2,1
3008,84,2010,2010,12,2
3008,85,2004,2004,1,1
3008,9,2002,2002,2,1
3008a,0,1958,1969,16,4
3008a,1,1955,1967,51,10
3008a,14,1955,1964,9,3
3008a,15,1955,1971,88,23
3008a,4,1955,1971,58,15
3008a,47,1958,1962,7,3
3008b,0,1973,1993,9,2
3008b,15,1973,1993,8,2
3008b,4,1977,1977,4,1
3009,0,1966,2021,1891,539
3009,1,1965,2021,1868,454
3009,1050,2019,2019,10,5
3009,1051,2005,2010,6,3
3009,112,2004,2004,8,1
3009,118,2000,2000,2,1
3009,13,1999,1999,2,2
3009,14,1963,2021,1941,430
3009,15,1964,2021,3570,786
3009,18,2002,2002,5,2
3009,19,1998,2021,987,174
3009,191,2017,2021,43,13
3009,2,1998,2021,444,80
3009,22,2002,2004,15,8
3009,25,2003,2021,178,52
3009,26,2004,2021,76,20
3009,27,2009,2021,110,28
3009,272,2018,2021,27,11
3009,28,2009,2020,205,34
3009,288,2004,2004,6,1
3009,30,2015,2021,49,8
3009,31,2016,2017,4,3
3009,313,1980,2004,4,2
3009,320,2004,2021,287,54
3009,321,2011,2021,15,7
3009,322,2012,2020,114,27
3009,323,2018,2021,29,11
3009,326,2013,2021,67,9
3009,335,2001,2001,50,1
3009,378,2000,2021,279,17
3009,379,2004,2020,134,8
3009,4,1963,2021,2734,606
3009,47,1963,2004,112,60
3009,484,2002,2021,151,19
3009,5,2019,2020,12,3
3009,57,2000,2000,4,1
3009,6,1999,2004,73,11
3009,69,2005,2005,2,1
3009,7,1980,2005,436,107
3009,70,2004,2021,391,104
3009,71,2003,2021,1484,297
3009,72,2004,2021,898,244
3009,73,2004,2005,3,2
3009,8,1998,2004,119,42
3009,84,2010,2021,140,22
3009,85,2004,2005,8,2
3009a,0,1958,1969,15,4
3009a,1,1955,1969,29,10
3009a,14,1955,1969,53,7
3009a,15,1955,1969,102,18
3009a,4,1955,1969,50,14
3009a,47,1958,1969,25,5
3009b,0,2000,2000,1,1
3009b,1,2000,2000,1,1
3009b,14,1985,1998,3,2
3009b,15,1993,1993,7,1
3009b,4,2000,2000,1,1
3010,0,1966,2021,3477,879
3010,1,1966,2021,3729,589
3010,1051,2005,2011,40,4
3010,118,2005,2005,3,1
3010,13,1999,1999,1,1
3010,14,1963,2021,3977,701
3010,15,1964,2021,6193,1128
3010,18,2002,2002,18,2
3010,19,1998,2021,1664,269
3010,191,2012,2021,150,32
3010,2,1996,2021,1278,230
3010,20,2000,2000,1,1
3010,212,2019,2020,10,3
3010,22,2002,2005,28,9
3010,226,2013,2021,127,27
3010,25,1998,2021,465,142
3010,26,2006,2021,92,30
3010,27,2004,2021,428,105
3010,272,2005,2021,624,96
3010,28,2012,2021,307,57
3010,288,2004,2021,301,42
3010,29,2009,2021,161,34
3010,3,2018,2021,126,18
3010,30,2015,2021,112,23
3010,31,2015,2021,85,20
3010,313,1980,2004,22,3
3010,320,2004,2021,325,56
3010,321,2018,2021,55,12
3010,322,2013,2021,236,54
3010,323,2020,2021,36,7
3010,326,2014,2021,139,13
3010,378,2000,2021,424,39
3010,379,2002,2020,132,18
3010,4,1964,2021,5022,850
3010,462,2003,2005,5,2
3010,47,1966,1991,272,118
3010,484,2002,2021,89,13
3010,5,2010,2020,301,32
3010,6,2001,2005,27,9
3010,69,2005,2005,5,2
3010,7,1980,2004,662,192
3010,70,2004,2021,757,205
3010,71,2004,2021,2041,427
3010,72,2003,2021,1398,344
3010,73,2002,2021,612,71
3010,74,2003,2003,3,2
3010,8,1998,2004,186,51
3010,84,2020,2021,67,10
3010,85,2004,2021,151,34
30144,1,2000,2000,8,1
30144,15,1998,2008,10,5
30144,19,2003,2003,12,1
30144,4,2000,2003,9,5
30144,7,2000,2002,17,3
30144,71,2002,2002,4,1
30145,0,1999,2018,65,27
30145,1,1997,2006,36,10
30145,14,1997,2019,13,5
30145,15,1997,2021,191,62
30145,19,1999,2021,42,12
30145,2,1999,2004,5,2
30145,226,2015,2016,14,3
30145,28,2012,2016,11,4
30145,320,2005,2005,8,1
30145,379,2004,2004,1,1
30145,4,1997,2021,66,18
30145,484,2004,2004,6,1
30145,6,1999,2001,5,2
30145,7,1998,2003,25,9
30145,70,2004,2021,30,12
30145,71,2004,2021,175,51
30145,72,2004,2006,49,6
30145,73,2000,2000,1,1
30145,8,2001,2003,6,2
30145,9,2002,2003,3,2
3020,0,1962,2021,5459,1619
3020,1,1962,2021,2028,705
3020,10,2016,2021,85,36
3020,1050,2020,2021,12,4
3020,1051,2005,2011,30,4
3020,118,2005,2005,2,2
3020,13,2003,2004,8,3
3020,14,1962,2021,1971,719
3020,15,1962,2021,3542,1171
3020,18,2000,2000,1,1
3020,19,1998,2021,1362,432
3020,191,2015,2021,162,67
3020,2,1962,2021,1025,341
3020,212,2016,2021,32,12
3020,22,2002,2003,11,6
3020,226,2018,2021,29,8
3020,232,2004,2005,3,2
3020,25,2001,2021,691,211
3020,26,2015,2021,105,52
3020,27,2003,2021,428,174
3020,272,2003,2021,915,148
3020,28,2010,2021,657,183
3020,288,2004,2021,433,83
3020,29,2020,2021,24,5
3020,3,1999,2021,8,5
3020,30,2012,2021,186,66
3020,308,2018,2021,41,14
3020,31,2017,2021,21,9
3020,313,1985,2004,4,2
3020,320,2004,2021,436,122
3020,321,2020,2021,12,8
3020,322,2013,2021,264,120
3020,323,2016,2020,18,11
3020,326,2013,2021,110,25
3020,378,2000,2021,109,22
3020,379,2002,2021,72,14
3020,4,1962,2021,3024,1062
3020,462,2002,2004,12,9
3020,47,1962,1986,90,14
3020,484,2002,2021,149,54
3020,5,2014,2021,83,38
3020,6,1998,2005,82,31
3020,69,2005,2005,3,2
3020,7,1962,2004,1272,376
3020,70,2004,2021,1799,522
3020,71,2004,2021,3538,882
3020,72,2003,2021,3322,887
3020,73,2000,2020,103,28
3020,8,1998,2004,298,92
3020,84,2018,2021,73,24
3020,85,2004,2021,109,48
3020,92,2014,2021,67,6
3021,0,1962,2021,4127,1285
3021,1,1962,2021,1354,523
3021,110,2000,2000,2,1
3021,14,1962,2021,1338,501
3021,15,1962,2021,2717,885
3021,19,1998,2021,1538,324
3021,191,2015,2021,140,55
3021,2,1962,2021,871,246
3021,212,2016,2018,7,4
3021,25,1999,2021,474,145
3021,27,2004,2021,88,47
3021,272,2008,2021,334,102
3021,28,2013,2021,451,96
3021,288,2006,2021,277,58
3021,29,2014,2021,60,27
3021,3,2019,2021,66,24
3021,30,2013,2017,10,8
3021,308,2011,2011,1,1
3021,313,1985,1995,12,3
3021,320,2003,2014,69,17
3021,321,2016,2021,88,36
3021,322,2012,2021,117,52
3021,323,2016,2019,10,5
3021,378,2000,2021,114,23
3021,379,2002,2005,25,5
3021,4,1962,2021,2216,774
3021,462,2003,2005,7,3
3021,47,1962,1977,89,10
3021,484,2002,2013,15,8
3021,5,2014,2021,81,31
3021,6,1998,2005,57,27
3021,7,1962,2005,833,243
3021,70,2004,2021,1107,338
3021,71,2004,2021,3407,721
3021,72,2003,2021,2780,727
3021,73,2002,2018,32,10
3021,74,2001,2003,3,2
3021,8,1998,2005,204,54
3021,84,2021,2021,1,1
3021,85,2010,2021,191,74
3022,0,1962,2021,4887,1633
3022,1,1962,2021,2022,711
3022,1051,2005,2011,29,4
3022,14,1962,2021,1905,722
3022,15,1962,2021,3456,1140
3022,18,2001,2001,2,1
3022,19,1998,2021,1505,426
3022,191,2005,2021,224,87
3022,2,1962,2021,1110,358
3022,212,2011,2011,2,1
3022,22,2002,2005,31,9
3022,226,2020,2021,7,6
3022,25,2001,2021,546,211
3022,26,2003,2021,110,45
3022,27,2003,2021,507,195
3022,272,2003,2021,216,53
3022,28,2015,2021,369,72
3022,29,2015,2021,129,55
3022,297,2017,2019,41,4
3022,3,2020,2021,70,17
3022,30,2020,2020,4,2
3022,31,2015,2016,3,2
3022,313,2004,2004,4,1
3022,320,2002,2021,319,93
3022,321,2019,2021,55,21
3022,322,2012,2021,152,75
3022,326,2015,2021,67,21
3022,366,2004,2005,3,3
3022,378,2000,2021,210,30
3022,379,2002,2021,89,21
3022,4,1962,2021,3258,1086
3022,47,1962,1990,148,31
3022,484,2002,2021,168,66
3022,5,2015,2015,1,1
3022,6,1998,2006,65,22
3022,69,2005,2005,4,1
3022,7,1962,2005,1299,361
3022,70,2004,2021,1418,416
3022,71,2003,2021,3214,859
3022,72,2003,2021,3180,769
3022,73,2004,2020,53,24
3022,8,1998,2005,297,87
3022,84,2014,2021,180,52
3022,85,2004,2021,129,63
3023,0,1962,2021,11845,2027
3023,1,1962,2021,3833,828
3023,10,2021,2021,3,1
3023,1000,2021,2021,7,2
3023,1050,2019,2021,92,20
3023,118,2005,2005,2,1
3023,13,1992,1994,31,8
3023,14,1962,2021,4494,955
3023,143,2015,2017,41,4
3023,15,1962,2021,9361,1696
3023,158,2016,2018,31,7
3023,182,2009,2021,602,155
3023,19,1998,2021,4749,654
3023,191,2015,2021,510,119
3023,2,1962,2021,2157,422
3023,212,2013,2018,51,8
3023,226,2017,2021,175,41
3023,232,2005,2005,2,1
3023,25,2003,2021,1750,311
3023,26,2011,2021,191,64
3023,27,2004,2021,1190,296
3023,272,2004,2021,1248,192
3023,28,2008,2021,2936,286
3023,288,2004,2021,675,89
3023,29,2012,2021,257,93
3023,3,1999,2021,524,87
3023,30,2012,2021,347,84
3023,308,2013,2021,494,51
3023,31,2015,2021,175,28
3023,313,1980,1985,25,2
3023,320,2001,2021,2481,239
3023,321,2012,2021,416,80
3023,322,2014,2021,368,107
3023,323,2016,2021,149,40
3023,326,2012,2021,505,51
3023,33,2006,2021,441,113
3023,335,2004,2004,3,2
3023,36,2003,2021,1268,313
3023,378,2000,2021,545,66
3023,379,2003,2021,62,16
3023,4,1962,2021,6710,1391
3023,40,2003,2021,662,62
3023,41,2013,2021,1401,158
3023,42,1996,2021,294,60
3023,45,2017,2021,156,29
3023,46,2003,2021,682,220
3023,462,2002,2003,9,3
3023,47,1962,2021,1875,332
3023,484,2003,2021,563,89
3023,5,2014,2021,265,74
3023,6,1987,2006,138,56
3023,7,1962,2004,2521,495
3023,70,2004,2021,3183,555
3023,71,2003,2021,7630,1083
3023,72,2003,2021,6175,910
3023,73,2002,2021,678,109
3023,8,1998,2004,417,78
3023,84,2018,2021,343,57
3023,85,2004,2021,491,111
3023,92,2021,2021,7,1
3023a,0,1962,1969,130,15
3023a,1,1962,1969,128,9
3023a,14,1962,1970,66,7
3023a,15,1962,1971,96,8
3023a,4,1962,1970,141,13
3023a,47,1962,1969,76,8
3023a,7,1962,1970,95,11
3024,0,1962,2021,9292,825
3024,1,1962,2021,1306,310
3024,10,2018,2018,4,3
3024,1050,2019,2021,59,12
3024,13,1992,1995,24,7
3024,14,1962,2021,2866,395
3024,15,1962,2021,11882,904
3024,158,2015,2016,5,3
3024,182,2009,2021,733,209
3024,19,2001,2021,3234,281
3024,191,2015,2021,222,61
3024,2,1962,2021,889,185
3024,212,2016,2021,7,5
3024,226,2015,2021,116,28
3024,25,2009,2021,778,98
3024,26,2015,2021,96,38
3024,27,2005,2021,455,60
3024,272,2003,2021,958,101
3024,28,2009,2021,1568,133
3024,288,2014,2021,275,53
3024,29,2013,2021,111,43
3024,297,2015,2021,361,61
3024,3,1999,2021,156,41
3024,30,2012,2021,110,35
3024,308,2018,2021,204,17
3024,313,1980,1980,2,1
3024,320,2003,2021,1846,121
3024,321,2016,2021,181,50
3024,322,2016,2021,110,36
3024,323,2016,2021,42,21
3024,326,2013,2021,169,23
3024,33,1980,2021,508,128
3024,34,1979,2020,368,147
3024,36,1979,2021,1598,563
3024,378,2000,2021,278,21
3024,379,2003,2003,2,1
3024,4,1962,2021,2902,578
3024,40,2013,2021,451,35
3024,41,2013,2021,294,54
3024,42,1998,2002,25,11
3024,46,1980,2021,1260,398
3024,462,2003,2004,12,3
3024,47,1962,2021,2586,267
3024,484,2017,2021,141,20
3024,5,2018,2021,74,17
3024,503,2004,2004,2,1
3024,6,2001,2005,12,4
3024,7,1962,2003,808,177
3024,70,2004,2021,2175,264
3024,71,2003,2021,5732,479
3024,72,2003,2021,5039,362
3024,73,2002,2020,444,61
3024,8,1998,2004,47,11
3024,80,2008,2008,14,1
3024,84,2018,2021,273,34
3024,85,2004,2021,72,22
3026,0,1991,1991,1,1
3026,14,1982,1982,1,1
3026,15,1990,2017,14,9
3026,4,1973,1992,9,7
3026,7,1966,1998,27,11
3026,71,2012,2013,3,2
3026,72,2013,2016,5,2
3027,0,1970,2021,217,123
3027,1,1971,2017,41,33
3027,14,1971,1996,13,12
3027,15,1991,2019,25,11
3027,19,1999,2020,32,16
3027,2,1999,2016,7,7
3027,27,2017,2020,6,6
3027,28,2005,2021,34,13
3027,31,2019,2021,6,2
3027,320,2005,2005,3,1
3027,4,1974,2009,51,27
3027,7,1966,2003,134,51
3027,70,2009,2017,20,4
3027,71,2004,2021,97,46
3027,72,2004,2021,103,65
3027,74,1996,1997,3,2
3028,0,1976,2021,226,117
3028,1,1971,2020,28,21
3028,10,2009,2021,88,38
3028,14,1984,1995,5,5
3028,15,1970,2021,115,56
3028,19,1997,2021,24,18
3028,2,1984,2020,34,25
3028,25,2018,2018,3,1
3028,26,2002,2002,1,1
3028,28,2008,2020,86,40
3028,288,2010,2019,18,5
3028,29,2006,2006,2,1
3028,3,2019,2019,1,1
3028,30,2018,2018,1,1
3028,308,2019,2021,12,3
3028,320,2004,2018,46,7
3028,321,2018,2018,1,1
3028,4,1968,2012,58,29
3028,484,2021,2021,1,1
3028,5,1998,1998,1,1
3028,6,2001,2001,1,1
3028,7,1967,2003,93,50
3028,70,2005,2020,45,27
3028,71,2005,2021,164,70
3028,72,2005,2021,198,103
3028,73,2004,2004,1,1
3028,8,2000,2003,36,9
3028,85,2021,2021,4,1
3029,0,1973,2021,347,162
3029,1,1972,2019,96,62
3029,115,2004,2004,2,1
3029,14,1974,2011,51,30
3029,15,1971,2021,198,104
3029,19,1998,2017,21,8
3029,2,1990,2019,62,41
3029,226,2020,2020,3,2
3029,27,2015,2021,12,10
3029,272,2019,2019,1,1
3029,28,2005,2021,30,18
3029,288,2006,2007,14,3
3029,320,2004,2010,12,7
3029,321,2018,2021,4,2
3029,322,2014,2021,22,15
3029,4,1969,2021,118,75
3029,6,2000,2004,5,4
3029,7,1966,2004,122,59
3029,70,2005,2020,30,15
3029,71,2003,2020,272,104
3029,72,2004,2020,206,100
3029,74,1997,1997,4,1
3029,8,2001,2004,16,7
3030,0,1969,2021,500,234
3030,1,1972,2021,159,103
3030,10,1998,1999,5,5
3030,14,1972,2005,79,48
3030,15,1969,2021,186,111
3030,19,2011,2021,50,25
3030,191,2017,2018,2,2
3030,2,2000,2018,37,18
3030,232,2004,2004,2,1
3030,27,2015,2017,8,4
3030,28,2012,2021,47,23
3030,288,2006,2008,11,3
3030,29,2013,2021,9,3
3030,31,2017,2018,8,2
3030,320,2014,2020,27,10
3030,322,2016,2016,1,1
3030,379,2004,2004,4,1
3030,4,1959,2000,93,73
3030,46,1979,1986,7,6
3030,5,2000,2006,7,4
3030,6,1998,2000,10,2
3030,7,1974,2004,78,44
3030,70,2004,2021,173,53
3030,71,2004,2021,247,89
3030,72,2003,2021,366,184
3030,8,2000,2004,17,9
3031,0,1972,2021,1142,542
3031,1,1973,2021,323,214
3031,10,2000,2021,47,32
3031,14,1972,2021,259,165
3031,15,1971,2021,709,310
3031,19,1998,2021,316,184
3031,191,2005,2020,26,14
3031,2,1999,2021,233,138
3031,23,2005,2005,1,1
3031,232,2004,2004,1,1
3031,25,1999,2004,8,5
3031,26,2002,2015,17,14
3031,27,2007,2021,121,81
3031,272,2017,2021,29,14
3031,29,2017,2018,4,3
3031,3,2004,2004,1,1
3031,30,2016,2017,4,3
3031,31,2018,2021,21,12
3031,313,1980,1980,5,1
3031,320,2004,2021,38,21
3031,322,2016,2021,34,17
3031,335,2004,2004,6,2
3031,378,2011,2020,18,6
3031,379,2004,2005,4,3
3031,4,1971,2021,491,290
3031,462,2003,2003,4,4
3031,5,1998,2003,5,5
3031,6,2002,2004,4,3
3031,7,1978,2004,125,80
3031,70,2004,2021,271,157
3031,71,2004,2021,685,298
3031,72,2003,2021,852,381
3031,73,2011,2012,6,6
3031,8,1998,2004,77,28
3031,85,2004,2021,36,19
3032,0,1970,2021,1079,516
3032,1,1973,2021,299,189
3032,115,2004,2004,2,1
3032,14,1970,2021,250,159
3032,15,1969,2021,662,322
3032,19,1998,2021,377,180
3032,191,2005,2005,1,1
3032,2,1999,2021,144,86
3032,232,2004,2004,1,1
3032,25,1999,2021,27,14
3032,26,2005,2006,3,2
3032,27,2015,2021,27,21
3032,272,2013,2021,39,17
3032,28,2017,2021,81,32
3032,288,2004,2004,3,1
3032,30,2015,2017,2,2
3032,31,2021,2021,1,1
3032,313,1980,1980,1,1
3032,320,2012,2021,23,18
3032,321,2021,2021,2,1
3032,322,2012,2021,44,34
3032,323,2017,2018,3,2
3032,33,1981,1983,2,2
3032,379,2004,2016,10,3
3032,4,1969,2021,364,236
3032,46,1979,1988,3,3
3032,484,2003,2004,6,2
3032,5,1998,1998,1,1
3032,6,2000,2004,17,9
3032,7,1974,2004,174,100
3032,70,2005,2021,246,130
3032,71,2003,2021,648,271
3032,72,2004,2021,786,368
3032,73,2002,2018,4,3
3032,8,1999,2004,64,27
3032,85,2004,2021,27,19
3033,0,1972,2021,301,158
3033,1,1971,2021,69,41
3033,1050,2020,2020,2,1
3033,14,1971,2020,72,48
3033,15,1972,2021,203,80
3033,19,1998,2021,72,42
3033,2,2020,2020,1,1
3033,25,2007,2021,16,14
3033,26,2021,2021,1,1
3033,27,2002,2021,8,5
3033,272,2007,2021,15,7
3033,28,2015,2021,30,18
3033,288,2009,2014,49,15
3033,31,2021,2021,2,1
3033,320,2014,2014,6,1
3033,321,2020,2020,2,1
3033,322,2017,2020,13,5
3033,4,1971,2019,104,69
3033,462,1998,2003,3,3
3033,484,2019,2020,3,2
3033,7,1980,2003,90,49
3033,70,2007,2021,54,19
3033,71,2004,2021,237,99
3033,72,2004,2021,245,113
3033,73,2013,2015,2,2
3033,8,1999,2003,17,10
3033,85,2020,2020,2,1
3034,0,1970,2021,1954,748
3034,1,1971,2021,535,255
3034,10,2002,2017,2,2
3034,118,2005,2005,2,1
3034,14,1970,2021,449,192
3034,15,1961,2021,1694,524
3034,158,2018,2021,6,4
3034,19,1998,2021,462,156
3034,191,2017,2021,25,10
3034,2,1986,2021,333,131
3034,232,2005,2005,2,1
3034,25,2001,2018,10,7
3034,26,2005,2021,4,2
3034,27,2002,2018,23,11
3034,272,2004,2021,90,37
3034,28,2010,2021,235,71
3034,288,2017,2021,56,5
3034,29,2012,2021,20,7
3034,3,2019,2021,32,10
3034,30,2012,2020,9,6
3034,31,2018,2019,3,2
3034,320,2005,2021,42,19
3034,321,2018,2020,14,8
3034,322,2015,2021,23,14
3034,326,2014,2021,36,13
3034,378,2000,2005,7,5
3034,4,1971,2021,781,368
3034,462,2001,2001,2,1
3034,5,1998,2017,12,6
3034,6,2000,2005,17,11
3034,7,1969,2004,453,182
3034,70,2004,2021,485,178
3034,71,2004,2021,1471,406
3034,72,2004,2021,1232,439
3034,73,2003,2004,5,3
3034,8,1980,2005,177,60
3034,84,2018,2021,15,6
3034,85,2015,2021,32,16
3034a,15,1955,1969,125,31
3034a,4,1955,1955,2,1
3035,0,1970,2021,690,368
3035,1,1971,2021,244,147
3035,10,2002,2002,4,1
3035,120,2005,2005,1,1
3035,14,1970,2020,143,91
3035,15,1957,2021,481,227
3035,19,2003,2021,207,96
3035,2,2008,2021,105,69
3035,212,2018,2018,5,3
3035,226,2018,2020,4,2
3035,25,2002,2015,5,3
3035,26,2004,2004,1,1
3035,27,2017,2018,2,2
3035,272,2003,2008,13,2
3035,28,2005,2021,67,37
3035,288,2007,2016,46,18
3035,29,2008,2015,8,6
3035,31,2018,2021,9,7
3035,313,1985,1985,2,1
3035,320,2005,2005,4,2
3035,321,2018,2021,12,8
3035,322,2017,2021,19,15
3035,33,1983,1983,1,1
3035,379,2005,2005,1,1
3035,4,1970,2021,274,169
3035,484,2008,2009,2,2
3035,6,2000,2004,8,4
3035,7,1966,2004,199,98
3035,70,2004,2021,149,71
3035,71,2004,2021,447,198
3035,72,2004,2021,506,248
3035,73,2000,2018,24,7
3035,8,1998,2004,42,24
3035,84,2019,2021,9,7
3035,85,2019,2020,16,6
3035,92,2014,2020,12,3
3035a,15,1954,1971,86,30
3035a,4,1955,1955,1,1
3035a,7,1970,1971,6,2
3036,0,1969,2021,436,253
3036,1,1974,2021,156,97
3036,10,2021,2021,1,1
3036,14,1979,2009,28,15
3036,15,1961,2021,215,108
3036,18,2000,2000,1,1
3036,19,1998,2021,46,31
3036,2,1987,2021,120,74
3036,212,2014,2014,1,1
3036,25,2018,2018,3,2
3036,27,2015,2021,33,23
3036,272,2007,2020,21,12
3036,28,2008,2021,131,52
3036,30,2021,2021,6,1
3036,320,2013,2020,18,12
3036,321,2020,2020,4,1
3036,322,2015,2019,15,13
3036,378,2010,2010,3,1
3036,379,2005,2005,1,1
3036,4,1969,2020,142,86
3036,46,1979,1981,11,7
3036,462,2003,2004,4,2
3036,5,2020,2020,2,1
3036,6,1998,2004,5,3
3036,7,1966,2004,154,72
3036,70,2004,2021,114,45
3036,71,2004,2021,298,134
3036,72,2004,2021,317,171
3036,8,2001,2004,24,12
3036,92,2014,2014,6,3
3036a,15,1955,1969,76,26
3036a,4,1955,1955,1,1
3036a,7,1969,1969,2,1
30400,0,2000,2005,8,5
3065,0,1958,1996,71,9
3065,1,1955,1968,181,15
3065,1003,2019,2019,1,1
3065,114,2005,2008,24,6
3065,14,1955,1963,64,5
3065,143,2002,2005,22,5
3065,15,1954,1964,802,33
3065,33,1978,2021,892,84
3065,34,1969,2021,157,60
3065,35,2015,2021,67,21
3065,36,1969,2021,678,111
3065,4,1954,1967,264,22
3065,40,2004,2021,281,84
3065,41,2000,2021,258,59
3065,42,2014,2016,19,6
3065,45,2000,2021,165,45
3065,46,1969,2021,280,67
3065,47,1956,2021,1654,289
3065,52,2001,2019,53,16
3065,57,1999,2020,39,7
3066,114,2007,2007,9,2
3066,129,2004,2004,4,1
3066,33,1981,1987,12,3
3066,34,1980,2004,6,3
3066,36,2001,2006,27,13
3066,40,2003,2021,83,37
3066,41,1994,1994,4,1
3066,45,2001,2005,9,4
3066,46,1979,1986,50,12
3066,47,1983,1983,3,1
3066,57,2003,2003,4,1
3067,33,1980,1992,10,3
3067,36,1989,1991,4,2
3067,46,1979,1988,19,8
3245b,0,2011,2011,2,1
3245b,14,1999,2010,38,15
3245b,15,1991,2010,323,55
3245b,19,2001,2011,96,18
3245b,25,2009,2009,9,3
3245b,272,2005,2006,16,3
3245b,3,1999,1999,4,1
3245b,4,2004,2011,62,17
3245b,7,1997,2004,80,17
3245b,71,2004,2011,145,22
3245b,72,2004,2010,108,27
3245b,8,2003,2004,3,2
3245c,0,2011,2021,264,83
3245c,1,2016,2021,44,15
3245c,10,2017,2021,17,7
3245c,14,2011,2021,108,33
3245c,15,2010,2021,771,214
3245c,19,2010,2021,425,93
3245c,191,2017,2020,16,6
3245c,2,2017,2021,14,6
3245c,25,2014,2021,38,10
3245c,26,2020,2020,5,2
3245c,27,2016,2016,4,1
3245c,30,2012,2015,18,6
3245c,320,2018,2020,27,7
3245c,321,2018,2021,14,7
3245c,378,2015,2020,27,7
3245c,4,2010,2021,253,65
3245c,70,2011,2021,66,25
3245c,71,2010,2021,575,126
3245c,72,2012,2021,364,106
3245c,73,2011,2012,4,2
3456,0,1979,2020,75,50
3456,1,1976,1986,12,10
3456,15,1974,2004,23,18
3456,19,2017,2021,11,8
3456,191,2016,2016,2,2
3456,272,2010,2010,2,1
3456,28,2013,2018,9,6
3456,320,2007,2010,2,2
3456,4,1972,2003,29,17
3456,6,2000,2002,3,3
3456,7,1975,2002,32,9
3456,71,2004,2020,92,32
3456,72,2006,2020,80,49
3456,73,2001,2001,3,1
3456,8,2001,2003,7,4
3456,85,2019,2019,1,1
3460,0,1975,2021,2617,692
3460,1,1975,2021,652,203
3460,1050,2019,2021,10,2
3460,118,2005,2005,2,1
3460,14,1973,2021,676,218
3460,15,1972,2021,1847,541
3460,19,1998,2021,588,149
3460,191,2017,2021,38,16
3460,2,1984,2021,236,75
3460,226,2019,2021,45,11
3460,232,2005,2005,2,1
3460,25,2001,2020,56,16
3460,26,2000,2020,30,10
3460,27,2009,2018,44,18
3460,272,2003,2021,69,19
3460,28,2016,2021,66,18
3460,288,2004,2004,2,1
3460,29,2021,2021,1,1
3460,3,2019,2021,20,9
3460,30,2012,2020,76,18
3460,308,2008,2021,229,33
3460,31,2018,2018,2,1
3460,313,1980,1980,6,1
3460,320,2002,2021,92,32
3460,321,2018,2020,18,8
3460,322,2014,2021,52,19
3460,323,2020,2020,13,2
3460,326,2019,2021,17,2
3460,378,2000,2002,10,2
3460,4,1974,2021,910,315
3460,5,2017,2017,4,2
3460,6,2000,2005,34,7
3460,7,1973,2005,703,197
3460,70,2004,2021,446,139
3460,71,2003,2021,1439,364
3460,72,2003,2021,1252,371
3460,8,1996,2005,119,31
3622,0,1978,2021,2000,497
3622,1,1978,2021,1614,336
3622,118,2002,2002,4,2
3622,13,1999,1999,4,2
3622,14,1978,2021,1914,353
3622,15,1978,2021,3560,689
3622,158,2017,2017,4,1
3622,19,1998,2021,1286,188
3622,191,2015,2021,47,17
3622,2,1997,2021,584,169
3622,212,2011,2021,33,6
3622,226,2017,2020,27,8
3622,25,1998,2021,173,61
3622,27,2002,2021,167,46
3622,272,2018,2021,34,9
3622,288,2004,2004,3,1
3622,29,2015,2020,33,8
3622,3,2018,2021,93,18
3622,30,2015,2017,26,4
3622,313,1980,1985,10,2
3622,320,2019,2020,39,5
3622,321,2016,2021,78,18
3622,322,2020,2020,3,2
3622,323,2017,2020,13,4
3622,326,2014,2018,35,2
3622,378,2000,2021,323,11
3622,4,1978,2021,2223,452
3622,45,2003,2004,8,7
3622,462,2002,2004,6,4
3622,47,1978,1981,14,6
3622,484,2002,2021,119,12
3622,5,2003,2021,55,21
3622,6,2001,2005,20,8
3622,7,1979,2005,441,110
3622,70,2004,2021,663,152
3622,71,2003,2021,1617,306
3622,72,2004,2021,1257,260
3622,73,2012,2020,114,14
3622,8,1998,2004,109,40
3622,84,2010,2021,132,19
3622,85,2004,2005,5,2
3623,0,1977,2021,3836,873
3623,1,1977,2021,748,247
3623,13,1992,1994,17,5
3623,14,1977,2021,1027,331
3623,15,1977,2021,2800,679
3623,158,2015,2021,33,10
3623,19,1999,2021,1448,256
3623,191,2014,2021,133,47
3623,2,1997,2021,667,177
3623,226,2020,2021,27,6
3623,25,2004,2021,71,31
3623,26,2015,2021,83,30
3623,27,2010,2021,121,45
3623,272,2010,2021,248,48
3623,28,2016,2021,219,50
3623,288,2004,2020,131,38
3623,29,2013,2019,33,15
3623,3,1999,2018,7,4
3623,30,2017,2018,6,2
3623,31,2015,2016,6,2
3623,313,1980,1985,20,2
3623,320,2001,2021,319,86
3623,321,2016,2021,86,27
3623,322,2015,2021,53,17
3623,323,2017,2017,1,1
3623,326,2019,2020,14,2
3623,378,2000,2021,243,36
3623,379,2002,2020,100,21
3623,4,1978,2021,1753,482
3623,484,2017,2021,45,12
3623,6,1993,2005,118,31
3623,7,1978,2005,560,162
3623,70,2004,2021,1000,256
3623,71,2003,2021,2384,492
3623,72,2004,2021,1944,464
3623,73,2005,2020,64,9
3623,8,1999,2005,74,23
3623,85,2013,2021,79,28
3666,0,1977,2021,3987,1033
3666,1,1977,2021,1032,344
3666,118,2000,2003,5,3
3666,13,1992,1996,16,8
3666,14,1977,2021,1109,331
3666,15,1977,2021,3047,744
3666,19,1999,2021,1126,231
3666,191,2013,2021,176,54
3666,2,1986,2021,484,132
3666,226,2018,2021,46,15
3666,25,2002,2021,340,93
3666,26,2005,2021,147,48
3666,27,2002,2021,228,86
3666,272,2003,2021,484,123
3666,28,2013,2021,563,91
3666,288,2008,2021,357,60
3666,29,2014,2021,37,15
3666,30,2013,2021,59,27
3666,308,2010,2021,41,10
3666,31,2021,2021,6,1
3666,313,1980,1985,19,2
3666,320,2004,2020,596,109
3666,321,2018,2021,28,14
3666,322,2012,2021,152,49
3666,323,2016,2021,31,12
3666,326,2019,2021,23,4
3666,378,2000,2021,91,17
3666,379,2002,2005,5,3
3666,4,1977,2021,1803,545
3666,484,2010,2021,47,13
3666,5,2017,2021,38,18
3666,6,2000,2004,12,6
3666,7,1978,2004,697,214
3666,70,2004,2021,865,247
3666,71,2003,2021,2711,554
3666,72,2004,2021,2053,547
3666,73,2002,2021,229,42
3666,8,1999,2004,173,29
3666,84,2020,2021,16,6
3666,85,2004,2021,107,36
3710,0,1977,2021,6528,1472
3710,1,1977,2021,1962,600
3710,10,2005,2016,8,4
3710,1050,2021,2021,4,1
3710,1051,2011,2011,16,1
3710,14,1977,2021,2244,660
3710,15,1977,2021,5111,1224
3710,158,2017,2018,13,6
3710,18,1999,2001,2,2
3710,19,1999,2021,1988,401
3710,191,2013,2021,238,69
3710,2,1992,2021,955,255
3710,212,2011,2011,1,1
3710,22,2000,2000,2,1
3710,226,2019,2021,79,24
3710,23,2005,2005,1,1
3710,232,2004,2004,1,1
3710,25,1998,2021,754,179
3710,26,2013,2021,133,57
3710,27,2003,2021,559,158
3710,272,2003,2021,928,184
3710,28,2011,2021,967,174
3710,288,2004,2021,277,55
3710,29,2012,2021,127,43
3710,3,1999,1999,6,1
3710,30,2012,2021,203,63
3710,308,2019,2021,101,18
3710,313,1980,1985,32,2
3710,320,2001,2021,830,162
3710,321,2016,2021,154,47
3710,322,2015,2021,158,69
3710,323,2016,2020,33,14
3710,378,2000,2021,260,46
3710,379,2002,2021,119,25
3710,4,1977,2021,3349,914
3710,462,2002,2005,14,5
3710,47,1977,1977,27,2
3710,484,2002,2021,165,41
3710,5,1994,2021,75,33
3710,6,1998,2005,52,20
3710,7,1977,2004,1400,350
3710,70,2004,2021,1962,463
3710,71,2004,2021,3830,785
3710,72,2003,2021,3441,760
3710,73,2002,2021,354,77
3710,8,1996,2005,279,59
3710,84,2017,2021,149,32
3710,85,2004,2021,146,42
3754,0,1997,2005,6,3
3754,14,1978,1998,36,4
3754,15,1978,2006,63,10
3754,18,2002,2002,1,1
3754,4,1978,2007,40,10
3754,40,2005,2005,1,1
3754,41,2004,2004,2,1
3754,7,1998,2002,13,6
3754,71,2004,2007,8,4
3754,72,2005,2006,4,2
3754,8,1998,1998,2,1
3755,14,1978,1978,18,1
3755,15,1978,1978,12,1
3755,4,1978,1987,9,2
3755,7,1980,1985,64,2
3755a,14,1991,1991,1,1
3755a,15,1990,2004,76,18
3755a,4,1996,1996,1,1
3755a,7,2003,2004,6,2
3755a,71,2004,2007,18,6
3755a,8,2003,2003,2,1
3795,0,1978,2021,2837,1097
3795,1,1978,2021,776,385
3795,118,2002,2002,2,1
3795,14,1978,2021,897,335
3795,15,1978,2021,1817,702
3795,19,1998,2021,683,264
3795,191,2015,2021,112,46
3795,2,1984,2021,474,206
3795,22,2001,2003,3,3
3795,226,2017,2021,34,18
3795,25,1998,2021,239,112
3795,26,2005,2021,45,21
3795,27,2012,2021,177,87
3795,272,2003,2021,71,28
3795,28,2009,2021,442,142
3795,288,2006,2006,1,1
3795,29,2012,2021,55,31
3795,3,1999,1999,3,2
3795,30,2012,2021,76,43
3795,308,2008,2021,209,47
3795,31,2013,2021,13,7
3795,313,1980,1980,1,1
3795,320,2004,2021,125,54
3795,321,2011,2021,70,39
3795,322,2016,2021,73,36
3795,323,2011,2013,8,3
3795,335,2004,2004,4,2
3795,378,2000,2021,91,17
3795,379,2002,2004,11,5
3795,4,1978,2021,1216,544
3795,462,2003,2003,1,1
3795,484,2013,2021,12,8
3795,5,2017,2020,28,11
3795,6,2001,2005,12,7
3795,7,1978,2005,514,240
3795,70,2004,2021,818,306
3795,71,2003,2021,2016,600
3795,72,2004,2021,2145,725
3795,73,2002,2021,36,21
3795,8,1980,2005,271,88
3795,85,2004,2004,3,2
3832,0,1978,2021,1100,489
3832,1,1979,2021,260,110
3832,1050,2020,2020,2,1
3832,14,1980,2021,171,92
3832,15,1978,2021,555,240
3832,18,2000,2000,1,1
3832,19,1998,2021,266,105
3832,2,1984,2021,155,64
3832,25,2000,2020,15,9
3832,27,2021,2021,4,1
3832,28,2014,2014,2,1
3832,29,2018,2018,1,1
3832,3,2019,2021,5,4
3832,320,2004,2005,4,3
3832,4,1980,2021,332,158
3832,484,2015,2017,7,2
3832,6,2000,2005,19,7
3832,7,1978,2004,288,118
3832,70,2004,2021,384,121
3832,71,2004,2021,722,289
3832,72,2004,2021,650,280
3832,73,2004,2004,1,1
3832,8,2000,2004,80,23
3832,85,2015,2015,4,1
3958,0,1980,2021,384,257
3958,1,1982,2020,124,66
3958,10,2003,2021,54,20
3958,115,2003,2003,1,1
3958,118,2000,2000,1,1
3958,14,1980,2016,25,19
3958,15,1983,2021,149,103
3958,19,1999,2021,167,87
3958,2,1984,2020,56,38
3958,212,2017,2018,7,3
3958,226,2019,2021,7,5
3958,25,2014,2021,25,17
3958,26,2003,2019,3,3
3958,27,2004,2021,52,33
3958,272,2015,2021,21,14
3958,28,2008,2021,54,38
3958,288,2017,2020,25,2
3958,3,2019,2021,12,5
3958,30,2019,2019,1,1
3958,308,2017,2017,3,1
3958,31,2021,2021,3,1
3958,320,2017,2021,15,7
3958,321,2018,2021,8,8
3958,322,2019,2019,1,1
3958,378,2017,2020,26,6
3958,4,1980,2021,118,60
3958,46,1984,1984,2,1
3958,462,2000,2003,3,2
3958,484,2020,2021,5,2
3958,5,2019,2020,3,2
3958,6,1999,2002,4,4
3958,7,1979,2004,58,35
3958,70,2005,2021,98,54
3958,71,2003,2021,249,111
3958,72,2004,2021,419,194
3958,73,2002,2004,3,3
3958,8,1999,2003,41,19
3958,84,2017,2017,9,3
3958,85,2019,2019,5,3
41539,0,2001,2021,134,69
41539,110,2001,2001,1,1
41539,118,2004,2004,1,1
41539,143,2004,2010,13,6
41539,15,2001,2021,52,27
41539,17,2001,2002,3,2
41539,19,2002,2020,88,55
41539,191,2018,2018,2,2
41539,2,2010,2021,43,33
41539,20,2001,2001,2,2
41539,212,2018,2018,6,3
41539,22,2001,2001,1,1
41539,226,2018,2018,5,1
41539,27,2018,2020,9,8
41539,28,2010,2020,43,22
41539,29,2020,2020,1,1
41539,30,2018,2018,1,1
41539,31,2019,2020,6,5
41539,320,2005,2020,5,3
41539,322,2018,2019,7,7
41539,378,2001,2001,1,1
41539,41,2002,2002,1,1
41539,5,2018,2018,1,1
41539,57,2005,2005,1,1
41539,71,2004,2021,219,81
41539,72,2003,2020,239,103
41539,74,2003,2003,1,1
41539,8,2002,2003,11,4
41539,84,2016,2020,15,9
41539,85,2018,2019,2,2
4201,0,1998,2004,7,3
4201,1,2000,2000,1,1
4201,10,2001,2001,1,1
4201,15,2000,2000,2,2
4201,2,1981,2006,36,23
4201,20,2000,2000,1,1
4201,26,2003,2004,2,2
4201,4,1998,1998,2,1
4201,7,1998,1998,1,1
4201,72,2004,2006,11,6
4201,73,2001,2001,1,1
4201,74,2000,2004,3,3
4201,8,1999,2003,29,13
4202,0,2004,2006,14,4
4202,1,1981,2001,17,12
4202,14,1981,1994,5,5
4202,15,1993,2014,5,3
4202,18,1996,1996,2,1
4202,2,1981,2008,42,32
4202,20,1994,1999,3,2
4202,226,2005,2005,1,1
4202,4,1981,2001,20,19
4202,5,2006,2006,1,1
4202,7,2001,2003,7,4
4202,71,2004,2014,28,10
4204,0,1998,2002,2,2
4204,120,2005,2006,2,2
4204,14,1986,2000,5,5
4204,15,2004,2004,1,1
4204,2,1981,2009,112,79
4204,4,1986,2008,9,6
4204,72,2004,2009,36,9
4204,74,1996,1996,1,1
4204,8,2000,2003,18,11
4282,0,1985,2021,577,212
4282,1,1984,1998,27,12
4282,14,1984,2018,42,21
4282,15,1988,2021,231,94
4282,19,1999,2021,136,48
4282,191,2017,2017,5,3
4282,2,1984,2008,27,20
4282,212,2014,2014,2,1
4282,26,2017,2021,9,6
4282,272,2010,2021,37,11
4282,28,2020,2021,12,8
4282,288,2012,2012,16,1
4282,321,2019,2021,20,5
4282,326,2021,2021,2,1
4282,4,1985,2021,82,44
4282,484,2002,2002,1,1
4282,5,1998,1998,1,1
4282,6,2000,2003,11,4
4282,7,1984,2005,148,44
4282,71,2004,2021,381,157
4282,72,2004,2021,399,145
4282,73,2013,2018,7,4
4282,8,2001,2003,14,6
4477,0,1984,2021,1554,441
4477,1,1984,2021,388,113
4477,14,1984,2021,227,94
4477,15,1983,2021,1103,279
4477,19,2001,2021,522,88
4477,2,1992,2013,51,14
4477,25,2002,2018,7,4
4477,26,2012,2017,9,5
4477,272,2017,2021,50,15
4477,28,2020,2021,15,2
4477,288,2004,2004,4,1
4477,308,2020,2020,7,1
4477,313,1985,1985,6,1
4477,320,2013,2020,36,17
4477,321,2016,2021,29,11
4477,322,2016,2016,1,1
4477,378,2021,2021,8,1
4477,4,1985,2021,518,177
4477,5,2020,2020,14,4
4477,6,2002,2005,35,5
4477,7,1984,2004,235,78
4477,70,2004,2021,410,106
4477,71,2004,2021,806,213
4477,72,2004,2021,735,238
4477,8,2001,2004,112,12
4477,85,2010,2011,12,2
4477,92,2020,2020,2,1
46212,0,1989,1989,2,1
46212,15,1988,1988,13,1
46212,182,2015,2020,36,14
46212,33,2018,2020,10,3
46212,40,2003,2021,50,10
46212,41,2006,2021,214,56
46212,42,2014,2016,15,4
46212,45,2019,2019,9,4
46212,47,2011,2021,89,37
46212,7,1989,1989,3,1
49311,15,2019,2021,29,13
49311,19,2019,2020,2,2
49311,25,2019,2020,5,2
49311,321,2020,2021,3,2
49311,71,2019,2021,4,4
49311,85,2020,2020,6,3
60479,0,2008,2021,536,155
60479,14,2008,2021,87,37
60479,15,2008,2021,360,122
60479,19,2016,2021,33,18
60479,28,2019,2020,30,6
60479,308,2008,2013,38,8
60479,320,2014,2019,7,3
60479,321,2021,2021,4,1
60479,4,2008,2021,172,45
60479,70,2014,2021,112,35
60479,71,2008,2021,622,169
60479,72,2016,2021,154,56
6111,0,1993,2021,321,115
6111,1,1993,2021,47,19
6111,1051,2005,2010,36,3
6111,14,1998,2020,89,30
6111,15,1993,2021,375,128
6111,18,2000,2000,4,1
6111,19,2002,2021,139,40
6111,2,1997,2020,28,10
6111,226,2004,2004,4,1
6111,25,2006,2006,1,1
6111,27,2016,2021,7,3
6111,272,2006,2020,17,6
6111,29,2012,2012,2,1
6111,313,2004,2004,12,1
6111,320,2004,2010,20,5
6111,4,1994,2020,240,67
6111,484,2004,2004,2,1
6111,5,1994,1996,5,2
6111,6,2000,2003,19,4
6111,7,1994,2004,64,30
6111,70,2005,2011,18,7
6111,71,2004,2021,274,85
6111,72,2004,2020,204,85
6111,8,1998,2003,32,15
6111,85,2004,2004,5,1
6112,0,1993,2021,270,108
6112,1,1993,2020,39,20
6112,13,1999,1999,1,1
6112,14,1999,2016,24,9
6112,15,1994,2021,276,117
6112,18,1994,1994,4,1
6112,19,1998,2021,83,25
6112,2,2002,2004,3,2
6112,26,2003,2004,4,2
6112,288,2018,2019,25,2
6112,3,2020,2020,11,5
6112,30,2021,2021,4,1
6112,308,2008,2008,6,1
6112,31,2020,2020,7,1
6112,4,1994,2020,89,44
6112,5,1994,1994,1,1
6112,6,1996,2002,9,4
6112,7,1994,2004,61,28
6112,70,2004,2021,124,42
6112,71,2004,2021,296,99
6112,72,2005,2021,171,67
6112,73,2001,2017,23,3
6112,8,2001,2003,10,5
6112,84,2016,2016,30,2
6212,0,1998,2005,25,9
6212,1,1995,2008,24,17
6212,14,1995,1998,9,7
6212,2,2000,2002,7,3
6212,320,2005,2005,2,1
6212,4,1995,2000,21,12
6212,7,1997,2000,4,3
6212,71,2004,2004,1,1
6212,72,2005,2008,9,5
6212,8,2002,2003,2,2
6223,114,2004,2004,12,2
6223,117,2004,2004,4,2
6223,143,2015,2018,31,4
6223,33,2000,2021,453,60
6223,34,2000,2021,143,26
6223,35,2018,2018,6,1
6223,36,2001,2021,322,40
6223,40,2015,2015,8,3
6223,45,2001,2001,5,2
6223,46,2013,2014,15,2
6223,47,1985,2021,59,26
700e,14,1955,1955,1,1
700e,7,1954,1954,1,1
700ed,1,1971,1980,10,6
700ed,14,1971,1980,3,3
700ed,15,1971,1971,1,1
700ed,2,1969,1980,31,19
700ed,4,1971,1980,3,3
700ed,7,1968,1971,12,7
700ed2,2,1976,1977,12,10
700ex,1,1966,1967,8,3
700ex,14,1966,1966,1,1
700ex,15,1966,1966,6,2
700ex,2,1960,1968,12,6
700ex,4,1966,1966,1,1
700ex,7,1957,1969,17,14
702,0,1958,1958,5,1
702,1,1955,1969,22,6
702,14,1955,1969,19,6
702,15,1955,1969,19,6
702,4,1955,1969,21,6
728,7,1962,1962,4,4
733,0,1963,1963,1,1
733,4,1966,1969,9,9
733,7,1963,1966,2,2
733ex,7,1965,1965,1,1
73831,308,2021,2021,1,1
73831,4,2021,2021,1,1
73831,84,2021,2021,1,1
772,15,2006,2008,23,7
772,19,2006,2006,2,1
772,72,2008,2008,9,1
91405,0,2016,2016,3,1
91405,1,2011,2015,5,3
91405,10,2011,2021,56,30
91405,15,2012,2020,21,17
91405,19,2012,2020,41,33
91405,2,2011,2015,14,10
91405,212,2012,2018,9,8
91405,226,2013,2016,4,4
91405,25,2016,2016,1,1
91405,27,2016,2016,3,2
91405,28,2011,2021,37,21
91405,31,2016,2017,3,3
91405,322,2013,2020,14,11
91405,323,2019,2020,3,2
91405,71,2011,2021,60,18
91405,72,2012,2021,61,36
91405,85,2016,2020,2,2
91988,0,2012,2021,118,60
91988,1,2020,2020,1,1
91988,19,2014,2021,38,24
91988,2,2020,2020,1,1
91988,272,2017,2020,15,7
91988,3,2019,2019,12,1
91988,4,2020,2021,9,4
91988,5,2014,2019,11,7
91988,70,2013,2020,63,28
91988,71,2012,2021,218,91
91988,72,2012,2021,190,90
92438,0,2015,2021,40,14
92438,1,2011,2020,25,17
92438,10,2011,2020,46,29
92438,15,2011,2021,30,19
92438,19,2011,2021,104,55
92438,191,2018,2018,2,2
92438,2,2012,2021,30,22
92438,212,2012,2017,19,10
92438,226,2014,2018,5,3
92438,27,2016,2020,14,12
92438,28,2012,2021,35,21
92438,288,2012,2020,8,2
92438,29,2012,2020,13,7
92438,308,2015,2015,1,1
92438,31,2016,2021,13,9
92438,321,2020,2021,3,2
92438,322,2013,2020,24,21
92438,323,2017,2019,2,2
92438,326,2019,2020,6,4
92438,379,2015,2019,7,2
92438,5,2018,2020,2,2
92438,71,2011,2020,93,40
92438,72,2012,2020,99,60
92438,84,2019,2020,4,2
brickslot1x2,1,1953,1953,1,1
brickslot1x2,14,1953,1953,10,2
brickslot1x2,15,1953,1955,12,3
brickslot1x2,2,1953,1953,10,2
brickslot1x2,4,1953,1955,12,3
brickslot2x12,1,1954,1954,1,1
brickslot2x12,14,1954,1954,1,1
brickslot2x12,15,1954,1954,1,1
brickslot2x12,2,1954,1954,1,1
brickslot2x12,4,1954,1954,1,1
brickslot2x14,1,1954,1954,1,1
brickslot2x14,14,1954,1954,1,1
brickslot2x14,15,1954,1954,1,1
brickslot2x14,2,1954,1954,1,1
brickslot2x14,4,1954,1954,1,1
brickslot2x2,1,1949,1950,13,3
brickslot2x2,1008,1949,1949,6,1
brickslot2x2,1009,1949,1949,6,1
brickslot2x2,1010,1949,1949,6,1
brickslot2x2,1011,1949,1949,6,1
brickslot2x2,14,1949,1949,16,3
brickslot2x2,15,1949,1949,26,4
brickslot2x2,2,1949,1949,14,2
brickslot2x2,4,1949,1949,16,3
brickslot2x2a,1,1949,1955,13,3
brickslot2x2a,1008,1949,1949,6,1
brickslot2x2a,1009,1949,1949,6,1
brickslot2x2a,1010,1949,1949,6,1
brickslot2x2a,1011,1949,1949,6,1
brickslot2x2a,14,1949,1949,13,2
brickslot2x2a,15,1949,1955,21,4
brickslot2x2a,2,1949,1949,14,2
brickslot2x2a,4,1949,1955,14,3
brickslot2x3,1,1953,1953,1,1
brickslot2x3,14,1953,1953,4,2
brickslot2x3,15,1953,1953,4,2
brickslot2x3,2,1953,1953,4,2
brickslot2x3,4,1953,1953,4,2
brickslot2x4,1,1949,1950,13,3
brickslot2x4,10,1949,1949,3,1
brickslot2x4,1008,1949,1949,6,1
brickslot2x4,1009,1949,1949,6,1
brickslot2x4,1010,1949,1949,6,1
brickslot2x4,1011,1949,1949,6,1
brickslot2x4,14,1949,1949,16,3
brickslot2x4,15,1949,1949,23,4
brickslot2x4,2,1949,1949,14,2
brickslot2x4,4,1949,1949,16,3
brickslot2x4a,1,1949,1949,12,2
brickslot2x4a,1008,1949,1949,6,1
brickslot2x4a,1009,1949,1949,6,1
brickslot2x4a,1010,1949,1949,6,1
brickslot2x4a,1011,1949,1949,6,1
brickslot2x4a,14,1949,1949,13,2
brickslot2x4a,15,1949,1949,20,3
brickslot2x4a,2,1949,1949,14,2
brickslot2x4a,4,1949,1949,13,2
brickslot2x8,1,1954,1954,1,1
brickslot2x8,14,1954,1954,1,1
brickslot2x8,15,1954,1954,1,1
brickslot2x8,2,1954,1954,1,1
brickslot2x8,4,1954,1954,1,1
brickslot4x4,1,1954,1954,1,1
brickslot4x4,14,1954,1954,1,1
brickslot4x4,15,1954,1954,1,1
brickslot4x4,2,1954,1954,1,1
brickslot4x4,4,1954,1954,1,1
m3001,0,1971,1973,4,2
m3001,1,1971,1973,61,5
m3001,14,1971,1973,104,7
m3001,15,1970,1973,93,7
m3001,4,1970,1973,403,12
m3001,47,1971,1973,11,5
m3003,0,1971,1973,20,5
m3003,1,1971,1973,11,5
m3003,14,1971,1973,53,8
m3003,15,1970,1973,50,7
m3003,4,1970,1973,192,10
m3003,47,1971,1973,11,4
